Data;RetornoMGLU3;RetornoIBOV
02/01/2013;0,057613;0,026217
03/01/2013;0,041245;0,012182
04/01/2013;-0,013453;-0,012462
07/01/2013;-0,015909;-0,009453
08/01/2013;-0,006928;-0,012998
09/01/2013;-0,015504;0,007378
10/01/2013;0,011811;0,001624
11/01/2013;-0,018677;-0,002935
14/01/2013;0,027756;0,00948
15/01/2013;-0,000772;-0,005686
16/01/2013;-0,019305;0,000972
17/01/2013;-0,023622;0,006587
18/01/2013;-0,014516;-0,003827
21/01/2013;-0,005728;-0,00092
22/01/2013;-0,023045;-0,003344
23/01/2013;-0,009267;0,004441
24/01/2013;-0,022109;-0,012862
25/01/2013;0;0
28/01/2013;0,021739;-0,01867
29/01/2013;0,022979;0,006314
30/01/2013;-0,018303;-0,017713
31/01/2013;0,016949;0,007163
01/02/2013;0,046667;0,009873
04/02/2013;0,002389;-0,012858
05/02/2013;-0,059571;-0,002199
06/02/2013;-0,030405;-0,008294
07/02/2013;-0,005226;-0,009822
08/02/2013;-0,010508;0,002141
13/02/2013;-0,015044;-0,001573
14/02/2013;0,01168;-0,005616
15/02/2013;-0,031083;-0,002996
18/02/2013;-0,023831;-0,005008
19/02/2013;0,032864;-0,00519
20/02/2013;-0,033636;-0,019838
21/02/2013;0,011289;-0,000409
22/02/2013;0,003721;0,00967
25/02/2013;-0,014829;-0,001411
26/02/2013;-0,009407;0,005846
27/02/2013;-0,023742;0,005707
28/02/2013;-0,013619;0,002636
01/03/2013;-0,018738;-0,009421
04/03/2013;-0,048241;-0,006751
05/03/2013;0,024287;-0,009717
06/03/2013;0,005155;0,035567
07/03/2013;-0,025641;0,015637
08/03/2013;-0,009474;-0,007035
11/03/2013;0,024442;0,001917
12/03/2013;0,021784;-0,005739
13/03/2013;-0,043655;-0,014139
14/03/2013;0,014862;-0,001812
15/03/2013;-0,017782;-0,007193
18/03/2013;-0,019169;0,001811
19/03/2013;-0,006515;-0,010725
20/03/2013;-0,003279;-0,005873
21/03/2013;0,015351;-0,008103
22/03/2013;-0,011879;-0,005992
25/03/2013;0,006557;-0,006698
26/03/2013;-0,033659;0,014543
27/03/2013;0;0,00652
28/03/2013;0,029213;0,005675
01/04/2013;-0,008734;-0,007986
02/04/2013;0,029736;-0,018121
03/04/2013;0;0,012261
04/04/2013;-0,003209;-0,01645
05/04/2013;-0,01824;0,007356
08/04/2013;-0,010929;0,000763
09/04/2013;0,007735;0,014884
10/04/2013;-0,014254;0,004901
11/04/2013;-0,041157;-0,013989
12/04/2013;0,022042;-0,007906
15/04/2013;-0,036322;-0,036625
16/04/2013;0,015312;0,01966
17/04/2013;-0,054524;-0,020541
18/04/2013;0,004908;0,005371
19/04/2013;-0,003663;0,014352
22/04/2013;-0,025735;0,006842
23/04/2013;-0,008805;0,010811
24/04/2013;0,002538;0,001822
25/04/2013;0,017722;-0,000382
26/04/2013;-0,064677;-0,012936
29/04/2013;-0,041223;0,011705
30/04/2013;-0,006935;0,018638
02/05/2013;0,026536;-0,010535
03/05/2013;0,065306;0,003019
06/05/2013;0,01788;-0,001063
07/05/2013;0,041405;0,015245
08/05/2013;-0,024096;-0,008352
09/05/2013;0;-0,006397
10/05/2013;-0,012346;-0,006132
13/05/2013;-0,04375;-0,011977
14/05/2013;0,053595;0,004022
15/05/2013;0,01861;0,004939
16/05/2013;-0,056029;-0,002985
17/05/2013;0,067097;0,007157
20/05/2013;0,076179;0,009716
21/05/2013;0,029213;0,010144
22/05/2013;-0,042576;0,002915
23/05/2013;-0,019384;-0,001418
24/05/2013;0,013953;0,001012
27/05/2013;0,010321;-0,000195
28/05/2013;0,011351;-0,006366
29/05/2013;-0,017957;-0,02502
31/05/2013;-0,068571;-0,020646
03/06/2013;0,002454;0,008186
04/06/2013;-0,015912;0,001353
05/06/2013;0,027363;-0,022567
06/06/2013;0,030266;0,001629
07/06/2013;-0,050529;-0,023939
10/06/2013;0,00495;-0,005851
11/06/2013;-0,01601;-0,030147
12/06/2013;-0,011264;-0,011835
13/06/2013;-0,01519;0,025092
14/06/2013;-0,043702;-0,021462
17/06/2013;-0,022849;-0,004946
18/06/2013;-0,020633;0,00766
19/06/2013;-0,016854;-0,03176
20/06/2013;-0,038571;0,006702
21/06/2013;-0,072808;-0,024018
24/06/2013;-0,040064;-0,023185
25/06/2013;-0,041736;0,020189
26/06/2013;-0,026132;0,005928
27/06/2013;0,007156;0,009285
28/06/2013;-0,044405;-0,003193
01/07/2013;-0,02974;-0,004804
02/07/2013;-0,08046;-0,042368
03/07/2013;0,041667;-0,004068
04/07/2013;0,044;0,015962
05/07/2013;-0,044061;-0,012084
08/07/2013;-0,022044;-0,002986
09/07/2013;0;0
10/07/2013;-0,043033;0,009052
11/07/2013;0,077088;0,02513
12/07/2013;0,05169;-0,023442
15/07/2013;0,05104;0,026464
16/07/2013;0,035971;0,002803
17/07/2013;0,071181;0,011479
18/07/2013;-0,058347;0,005252
19/07/2013;-0,005164;-0,005372
22/07/2013;0,038062;0,024768
23/07/2013;-0,02;0,005044
24/07/2013;-0,042517;-0,009115
25/07/2013;-0,003552;0,014305
26/07/2013;-0,001783;0,007256
29/07/2013;-0,001786;-0,004249
30/07/2013;-0,048301;-0,013228
31/07/2013;-0,039474;-0,006734
01/08/2013;-0,007828;0,018783
02/08/2013;0;-0,013553
05/08/2013;0,005917;-0,000784
06/08/2013;-0,029412;-0,020955
07/08/2013;0,288889;0,000527
08/08/2013;-0,020376;0,031236
09/08/2013;-0,0272;0,019335
12/08/2013;-0,046053;0,008521
13/08/2013;-0,027586;0,005984
14/08/2013;0,085106;0,00583
15/08/2013;-0,034314;0,000255
16/08/2013;-0,028765;0,012375
19/08/2013;0,012195;0,000699
20/08/2013;-0,036145;-0,020689
21/08/2013;-0,019643;-0,00202
22/08/2013;0,020036;0,019681
23/08/2013;0,057143;0,015565
26/08/2013;-0,011824;-0,014713
27/08/2013;-0,052991;-0,026016
28/08/2013;0,00722;-0,004492
29/08/2013;0,007168;0,001103
30/08/2013;0,021352;0,001803
02/09/2013;0,020906;0,036472
03/09/2013;0,015358;-0,004051
04/09/2013;-0,011765;0,001763
05/09/2013;0,018707;0,012279
06/09/2013;0,043406;0,026704
09/09/2013;0,032;0,00934
10/09/2013;0,029457;-0,005014
11/09/2013;-0,01506;-0,007577
12/09/2013;0,024465;-0,004909
13/09/2013;0,044776;0,009192
16/09/2013;0,03;0,000446
17/09/2013;0,052705;0,008361
18/09/2013;0,002635;0,026368
19/09/2013;-0,030223;-0,010897
20/09/2013;0;-0,017878
23/09/2013;0,028455;0,009093
24/09/2013;0,001318;-0,003132
25/09/2013;0,001316;-0,003123
26/09/2013;-0,007884;-0,008828
27/09/2013;0;-0,000818
30/09/2013;0;-0,026052
01/10/2013;0,013245;0,016069
02/10/2013;-0,015686;-0,001486
03/10/2013;0,002656;-0,011507
04/10/2013;-0,002649;0,00684
07/10/2013;0,015936;-0,008155
08/10/2013;0,039216;-0,002003
09/10/2013;0,036478;0,004492
10/10/2013;0,043689;0,008545
11/10/2013;-0,015116;0,002887
14/10/2013;0,051948;0,01921
15/10/2013;0,042649;0,014953
16/10/2013;0,01507;0,018061
17/10/2013;0,02333;-0,010987
18/10/2013;-0,02487;0,000361
21/10/2013;-0,001063;0,012622
22/10/2013;0;0,00683
23/10/2013;-0,031915;-0,018066
24/10/2013;-0,032967;-0,010155
25/10/2013;0,022727;-0,013175
28/10/2013;0,044444;0,01697
29/10/2013;-0,010638;-0,009714
30/10/2013;-0,032258;-0,006711
31/10/2013;0,055556;0,001551
01/11/2013;-0,005263;-0,004479
04/11/2013;0,027513;0,007831
05/11/2013;-0,036045;-0,011114
06/11/2013;0,009615;-0,008304
07/11/2013;0,046561;-0,012064
08/11/2013;0,013145;-0,009329
11/11/2013;-0,05988;0,007177
12/11/2013;-0,064756;-0,015564
13/11/2013;-0,040863;0,008223
14/11/2013;0,050888;0,023377
18/11/2013;0,027027;0,016015
19/11/2013;-0,032895;-0,023478
20/11/2013;0;0
21/11/2013;0,022676;-0,006487
22/11/2013;-0,015521;0,002126
25/11/2013;-0,019144;-0,01017
26/11/2013;-0,01837;-0,015632
27/11/2013;-0,02924;0,008067
28/11/2013;0,042169;-0,000289
29/11/2013;-0,028902;0,012267
02/12/2013;-0,029762;-0,023589
03/12/2013;-0,031902;-0,017485
04/12/2013;-0,036755;-0,002642
05/12/2013;0,047368;0,011391
06/12/2013;0,040201;0,003091
09/12/2013;-0,036232;0,004338
10/12/2013;-0,010025;-0,003362
11/12/2013;-0,001266;-0,018159
12/12/2013;-0,022814;0,001079
13/12/2013;-0,027237;-0,001397
16/12/2013;-0,013333;0,004555
17/12/2013;0,010811;-0,003759
18/12/2013;-0,012032;0,009443
19/12/2013;0,021651;0,021162
20/12/2013;-0,025166;-0,008677
23/12/2013;-0,004076;0,003341
24/12/2013;0;0
26/12/2013;-0,017735;-0,002629
27/12/2013;0,027778;0,000879
30/12/2013;0,02027;0,004701
31/12/2013;0;0
02/01/2014;-0,042384;-0,022638
03/01/2014;0,033195;0,012713
06/01/2014;0,052209;-0,000157
07/01/2014;0,025445;-0,010653
08/01/2014;0,019851;0,002895
09/01/2014;-0,004866;-0,024814
10/01/2014;-0,003667;0,007603
13/01/2014;0,006135;-0,005433
14/01/2014;0,006098;0,005604
15/01/2014;0,003636;0,008088
16/01/2014;0,012077;-0,008163
17/01/2014;-0,02506;-0,010363
20/01/2014;0,008568;-0,009618
21/01/2014;-0,010922;-0,003408
22/01/2014;0,055215;0,015595
23/01/2014;-0,011628;-0,019858
24/01/2014;-0,028235;-0,011031
27/01/2014;-0,007264;-0,0018
28/01/2014;-0,018293;0,002914
29/01/2014;-0,038509;-0,005936
30/01/2014;0,020672;-0,006561
31/01/2014;0,006329;0,00834
03/02/2014;-0,03522;-0,031299
04/02/2014;-0,015645;0,017704
05/02/2014;0,019868;-0,00724
06/02/2014;0,024675;0,023893
07/02/2014;0,03929;0,007017
10/02/2014;-0,037805;-0,007551
11/02/2014;0,013942;0,015762
12/02/2014;-0,015;-0,005076
13/02/2014;-0,031726;-0,008379
14/02/2014;0,015727;0,008136
17/02/2014;0,009032;-0,012967
18/02/2014;0,002558;-0,020536
19/02/2014;-0,048469;0,011824
20/02/2014;-0,02681;0,002927
21/02/2014;0,035516;0,001946
24/02/2014;-0,010738;0,000274
25/02/2014;-0,039349;-0,014306
26/02/2014;-0,00565;-0,002483
27/02/2014;0;0,02161
28/02/2014;0;-0,010755
05/03/2014;-0,03267;-0,010723
06/03/2014;0,0279;0,010818
07/03/2014;-0,011429;-0,018028
10/03/2014;-0,023121;-0,015375
11/03/2014;-0,032544;0,003602
12/03/2014;-0,038226;0,003589
13/03/2014;-0,054054;-0,009114
14/03/2014;0,008403;-0,010519
17/03/2014;0,001667;0,00338
18/03/2014;0,024958;0,022896
19/03/2014;-0,021104;0,009036
20/03/2014;0,0199;0,015268
21/03/2014;0,04065;0,002157
24/03/2014;0,0125;0,012938
25/03/2014;-0,016975;0,003896
26/03/2014;0,00471;-0,004462
27/03/2014;0,014062;0,035046
28/03/2014;0,006163;0,002457
31/03/2014;-0,007657;0,01298
01/04/2014;0,016975;-0,002856
02/04/2014;0,047041;0,028466
03/04/2014;0,005797;-0,005667
04/04/2014;0,007205;-0,006361
07/04/2014;0,020029;0,021025
08/04/2014;-0,002805;-0,010085
09/04/2014;0,004219;-0,0086
10/04/2014;-0,005602;-0,001133
11/04/2014;-0,004225;0,014474
14/04/2014;-0,005658;-0,005225
15/04/2014;-0,02276;-0,022133
16/04/2014;0,0131;0,014786
17/04/2014;0,018678;0,017793
22/04/2014;0,008463;-0,002591
23/04/2014;0,003885;-0,007831
24/04/2014;-0,001414;0,004809
25/04/2014;0,002833;-0,008067
28/04/2014;0,038136;-0,000311
29/04/2014;0,020408;0,008855
30/04/2014;0,017333;-0,00409
02/05/2014;0,038008;0,026227
05/05/2014;0,003788;0,008796
06/05/2014;-0,018868;0,006231
07/05/2014;0;0,005076
08/05/2014;0,096154;-0,011655
09/05/2014;-0,003509;-0,006027
12/05/2014;0,00939;0,017928
13/05/2014;-0,02907;-0,002683
14/05/2014;0,002395;0,009368
15/05/2014;-0,002389;-0,010237
16/05/2014;-0,009581;0,002228
19/05/2014;-0,004837;-0,011524
20/05/2014;0,020656;-0,018499
21/05/2014;0,04881;-0,003113
22/05/2014;0,00681;0,011551
23/05/2014;-0,024803;-0,003409
26/05/2014;-0,018497;0,005815
27/05/2014;-0,022379;-0,014339
28/05/2014;0,03012;0,008932
29/05/2014;-0,017544;-0,007599
30/05/2014;-0,030952;-0,019143
02/06/2014;-0,062654;0,007143
03/06/2014;0,007864;0,008274
04/06/2014;0,029909;-0,003844
05/06/2014;0,025253;-0,005286
06/06/2014;0,035714;0,030451
09/06/2014;0,026159;0,021552
10/06/2014;0,004635;0,006099
11/06/2014;-0,019608;0,00912
12/06/2014;0;0
13/06/2014;0,005882;-0,005372
16/06/2014;0,02924;-0,00323
17/06/2014;0,056818;-0,006041
18/06/2014;-0,034409;0,01663
20/06/2014;-0,023385;-0,010217
23/06/2014;0,020525;-0,007833
24/06/2014;0,01676;0,001291
25/06/2014;-0,032967;-0,015752
26/06/2014;0,034091;0,001516
27/06/2014;-0,010989;-0,006523
30/06/2014;0,021111;0,000207
01/07/2014;0,022851;0,000056
02/07/2014;0,001064;-0,002689
03/07/2014;0,035069;0,015954
04/07/2014;-0,008214;0,00336
07/07/2014;-0,006211;-0,004699
08/07/2014;-0,01875;-0,003104
09/07/2014;0;0
10/07/2014;-0,002123;0,017862
11/07/2014;0,006383;0,003535
14/07/2014;-0,006342;0,017487
15/07/2014;-0,023404;0,004126
16/07/2014;-0,003268;-0,004574
17/07/2014;-0,00765;-0,001436
18/07/2014;-0,024229;0,024714
21/07/2014;0,020316;0,010892
22/07/2014;-0,004425;0,006073
23/07/2014;0,005556;-0,009727
24/07/2014;0,007735;0,009718
25/07/2014;-0,002193;-0,002691
28/07/2014;-0,004396;-0,002179
29/07/2014;-0,01766;-0,010001
30/07/2014;-0,02809;-0,004219
31/07/2014;0,034682;-0,018426
01/08/2014;0,004469;0,001308
04/08/2014;-0,014461;0,012772
05/08/2014;0,006772;-0,007312
06/08/2014;-0,024664;0,005071
07/08/2014;0;-0,005293
08/08/2014;-0,001149;-0,010963
11/08/2014;0,024166;0,018732
12/08/2014;-0,011236;-0,003021
13/08/2014;0;-0,015255
14/08/2014;0,006818;0,00358
15/08/2014;0,010158;0,021208
18/08/2014;0,005587;0,01048
19/08/2014;0;0,015445
20/08/2014;-0,004444;0,00734
21/08/2014;-0,015625;0,001936
22/08/2014;-0,019274;-0,009917
25/08/2014;0,024277;0,022737
26/08/2014;0,015801;0,00144
27/08/2014;0,007778;0,018873
28/08/2014;-0,002205;-0,010829
29/08/2014;-0,005525;0,016553
01/09/2014;-0,003333;-0,002399
02/09/2014;0,006689;0,012332
03/09/2014;0,012182;-0,000937
04/09/2014;-0,00547;-0,01677
05/09/2014;-0,020902;-0,001957
08/09/2014;-0,022472;-0,024538
09/09/2014;-0,034483;-0,008717
10/09/2014;-0,029762;-0,008146
11/09/2014;0,01227;0,002388
12/09/2014;-0,006061;-0,02417
15/09/2014;0,023171;0,017935
16/09/2014;0,034565;0,020121
17/09/2014;-0,020737;-0,000101
18/09/2014;0,007059;-0,012418
19/09/2014;0,011682;-0,010039
22/09/2014;-0,047344;-0,016785
23/09/2014;-0,006061;-0,004893
24/09/2014;-0,003659;0,005023
25/09/2014;-0,020808;-0,01517
26/09/2014;-0,00375;0,022337
29/09/2014;-0,082811;-0,045218
30/09/2014;0,036936;-0,009336
01/10/2014;0,006596;-0,023228
02/10/2014;0,036697;0,012486
03/10/2014;-0,010114;0,019078
06/10/2014;0,049808;0,047232
07/10/2014;0,009732;0,00562
08/10/2014;0,012048;-0,006581
09/10/2014;0,029762;0,003663
10/10/2014;-0,065896;-0,034156
13/10/2014;-0,006188;0,047821
14/10/2014;0,012453;0,001018
15/10/2014;0,00369;-0,032405
16/10/2014;-0,023284;-0,032725
17/10/2014;-0,012547;0,026244
20/10/2014;-0,013977;-0,025501
21/10/2014;-0,020619;-0,034437
22/10/2014;0,011842;-0,000401
23/10/2014;-0,070221;-0,032398
24/10/2014;0,027972;0,024195
27/10/2014;0,004082;-0,027667
28/10/2014;0,042005;0,036176
29/10/2014;-0,010403;-0,024479
30/10/2014;0,036794;0,025211
31/10/2014;0,045627;0,043794
03/11/2014;0,042424;-0,012466
04/11/2014;-0,003488;0,008082
05/11/2014;0,014002;-0,012596
06/11/2014;-0,020713;-0,019759
07/11/2014;0,009401;0,011114
10/11/2014;-0,016298;-0,009338
11/11/2014;-0,020118;-0,004761
12/11/2014;-0,032609;0,009605
13/11/2014;-0,013733;-0,021367
14/11/2014;-0,002532;-0,001427
17/11/2014;-0,013959;-0,009967
18/11/2014;0,036036;0,015705
19/11/2014;0,031056;0,025758
20/11/2014;0;0
21/11/2014;0;0,050223
24/11/2014;0,027711;-0,012089
25/11/2014;-0,044549;0,002779
26/11/2014;-0,003681;-0,008315
27/11/2014;0,007389;-0,006842
28/11/2014;-0,022005;0,000055
01/12/2014;-0,0125;-0,044734
02/12/2014;0,006329;-0,012702
03/12/2014;0,01761;0,013718
04/12/2014;-0,032138;-0,017087
05/12/2014;0,010217;0,011006
08/12/2014;-0,034134;-0,033044
09/12/2014;0,001309;-0,001611
10/12/2014;0,019608;-0,01285
11/12/2014;-0,015385;0,006317
12/12/2014;-0,053385;-0,037304
15/12/2014;-0,016506;-0,020479
16/12/2014;0,018182;-0,000234
17/12/2014;0,017857;0,036292
18/12/2014;-0,00135;-0,004475
19/12/2014;0,027027;0,023817
22/12/2014;0,006579;0,009466
23/12/2014;0;0,015343
24/12/2014;0;0
26/12/2014;-0,00915;-0,01464
29/12/2014;0,023747;0,008954
30/12/2014;-0,006443;-0,011583
31/12/2014;0;0
02/01/2015;-0,033722;-0,029896
05/01/2015;0,018792;-0,020531
06/01/2015;-0,013175;0,010186
07/01/2015;0,034713;0,030458
08/01/2015;-0,009032;0,009725
09/01/2015;-0,023437;-0,022085
12/01/2015;0;-0,014353
13/01/2015;-0,010667;-0,002036
14/01/2015;-0,009434;-0,008243
15/01/2015;0,003874;0,007997
16/01/2015;0,006849;0,020614
19/01/2015;0;-0,025665
20/01/2015;-0,038095;0,002471
21/01/2015;-0,009901;0,028156
22/01/2015;-0,005714;0,004429
23/01/2015;0,027299;-0,013491
26/01/2015;-0,020979;-0,00408
27/01/2015;-0,041429;0,000309
28/01/2015;-0,014903;-0,01846
29/01/2015;0,022693;0,001426
30/01/2015;0,002959;-0,017901
02/02/2015;0,00885;0,01584
03/02/2015;-0,035088;0,027555
04/02/2015;-0,022727;0,006903
05/02/2015;-0,012403;-0,001379
06/02/2015;-0,050235;-0,008957
09/02/2015;-0,001653;0,012092
10/02/2015;0,018212;-0,017658
11/02/2015;-0,060163;-0,005586
12/02/2015;0,022491;0,026804
13/02/2015;0,030457;0,022268
18/02/2015;0,004926;0,012738
19/02/2015;0,03268;0,000273
20/02/2015;0,012658;-0,001111
23/02/2015;0,003125;0,000839
24/02/2015;0,028037;0,011583
25/02/2015;-0,021212;-0,001214
26/02/2015;0,018576;-0,000984
27/02/2015;-0,075988;-0,00342
02/03/2015;-0,001645;-0,010914
03/03/2015;-0,032949;0,005566
04/03/2015;-0,049404;-0,016295
05/03/2015;-0,014337;-0,002041
06/03/2015;-0,030909;-0,007624
09/03/2015;-0,035647;-0,016006
10/03/2015;0,029183;-0,018056
11/03/2015;-0,009452;0,012673
12/03/2015;0,04771;-0,000511
13/03/2015;-0,040073;-0,005831
16/03/2015;-0,036053;0,005206
17/03/2015;-0,01378;0,029418
18/03/2015;-0,005988;0,024679
19/03/2015;0,022088;-0,011121
20/03/2015;0,001965;0,019881
23/03/2015;0,009804;-0,001116
24/03/2015;-0,019417;-0,007744
25/03/2015;-0,013861;0,006834
26/03/2015;0;-0,024664
27/03/2015;-0,004016;-0,009589
30/03/2015;0,016129;0,022937
31/03/2015;0,019841;-0,001815
01/04/2015;0,029183;0,022893
02/04/2015;0,043478;0,015328
06/04/2015;-0,003623;0,011558
07/04/2015;-0,003636;-0,000149
08/04/2015;-0,087591;-0,001266
09/04/2015;0,004;0,002628
10/04/2015;0,015936;0,007658
13/04/2015;-0,007843;0,000461
14/04/2015;-0,001976;-0,004757
15/04/2015;0,005941;0,017358
16/04/2015;0,033465;-0,004443
17/04/2015;-0,024762;-0,013169
20/04/2015;-0,009766;-0,003577
22/04/2015;0,005917;0,015922
23/04/2015;-0,011765;0,019536
24/04/2015;0,021825;0,016342
27/04/2015;0,013592;-0,01873
28/04/2015;-0,011844;0,005006
29/04/2015;-0,015842;-0,008726
30/04/2015;0,008048;0,01634
04/05/2015;0,043912;0,01999
05/05/2015;0,032505;0,01217
06/05/2015;0,027778;-0,01633
07/05/2015;-0,003604;-0,003187
08/05/2015;-0,092224;0,004006
11/05/2015;-0,017928;0,00084
12/05/2015;0,014199;-0,007081
13/05/2015;-0,01;-0,007395
14/05/2015;-0,036364;0,005038
15/05/2015;0,016771;0,010449
18/05/2015;-0,010309;-0,018236
19/05/2015;-0,020833;-0,012561
20/05/2015;-0,010638;-0,010757
21/05/2015;-0,002151;0,003843
22/05/2015;-0,012931;-0,013336
25/05/2015;-0,008734;0,004267
26/05/2015;-0,035242;-0,017946
27/05/2015;0,002283;0,011319
28/05/2015;0;-0,004794
29/05/2015;-0,036446;-0,022529
01/06/2015;0,021277;0,005136
02/06/2015;-0,025463;0,022723
03/06/2015;-0,014252;-0,013165
05/06/2015;-0,012048;-0,010257
08/06/2015;-0,009756;-0,003096
09/06/2015;0,012315;0,000114
10/06/2015;-0,024331;0,020089
11/06/2015;-0,009975;-0,003489
12/06/2015;-0,015113;-0,006352
15/06/2015;-0,015345;-0,003936
16/06/2015;0,002597;0,010633
17/06/2015;0,012953;-0,008454
18/06/2015;-0,017903;0,018592
19/06/2015;0,018229;-0,009016
22/06/2015;0,015345;0,002121
23/06/2015;-0,037783;-0,001689
24/06/2015;-0,031414;0,001302
25/06/2015;-0,032432;-0,012388
26/06/2015;0;0,015816
29/06/2015;-0,022346;-0,01855
30/06/2015;0,008571;0,001245
01/07/2015;-0,031161;-0,006085
02/07/2015;-0,032164;0,006615
03/07/2015;-0,015106;-0,011053
06/07/2015;-0,021472;-0,007045
07/07/2015;-0,034483;0,00372
08/07/2015;-0,025974;-0,010737
09/07/2015;0;0
10/07/2015;0,01;0,015623
13/07/2015;-0,026403;0,010059
14/07/2015;-0,010169;0,002259
15/07/2015;-0,058219;-0,00633
16/07/2015;-0,043636;0,003157
17/07/2015;-0,030418;-0,013718
20/07/2015;-0,054902;-0,014157
21/07/2015;0,141079;-0,002442
22/07/2015;0,090909;-0,01086
23/07/2015;0,183333;-0,021781
24/07/2015;-0,126761;-0,011264
27/07/2015;-0,096774;-0,010356
28/07/2015;0,025;0,01777
29/07/2015;-0,045296;0,012984
30/07/2015;-0,00365;-0,006926
31/07/2015;0,318681;0,01938
03/08/2015;-0,063889;-0,014273
04/08/2015;0,020772;-0,001596
05/08/2015;-0,034884;0,004575
06/08/2015;-0,057229;-0,005488
07/08/2015;-0,047923;-0,028674
10/08/2015;0,013423;0,015975
11/08/2015;0,043046;-0,005694
12/08/2015;-0,053968;-0,013939
13/08/2015;-0,026846;-0,007833
14/08/2015;-0,013793;-0,010436
17/08/2015;0,038462;-0,006125
18/08/2015;0,050505;0,004935
19/08/2015;-0,048077;-0,018166
20/08/2015;0,026936;0,001309
21/08/2015;-0,04918;-0,019936
24/08/2015;-0,058621;-0,03025
25/08/2015;-0,014652;0,004691
26/08/2015;-0,018587;0,03354
27/08/2015;0,018939;0,036426
28/08/2015;-0,018587;-0,011778
31/08/2015;-0,034091;-0,011198
01/09/2015;-0,027451;-0,024622
02/09/2015;-0,004032;0,021681
03/09/2015;0,040486;0,019413
04/09/2015;-0,042802;-0,018326
08/09/2015;-0,03252;0,005699
09/09/2015;0,021008;-0,002245
10/09/2015;-0,012346;-0,003301
11/09/2015;-0,05;-0,002215
14/09/2015;-0,04386;0,018987
15/09/2015;-0,036697;0,001755
16/09/2015;0,057143;0,025103
17/09/2015;0,027027;-0,000041
18/09/2015;-0,096491;-0,026508
21/09/2015;-0,029126;-0,01426
22/09/2015;-0,045;-0,006997
23/09/2015;-0,005236;-0,019972
24/09/2015;0,026316;-0,001081
25/09/2015;-0,035897;-0,010157
28/09/2015;-0,042553;-0,019518
29/09/2015;-0,011111;0,003981
30/09/2015;0,011236;0,021028
01/10/2015;-0,086806;0,005637
02/10/2015;-0,011407;0,037958
05/10/2015;0,076923;0,012013
06/10/2015;0,036429;0,002878
07/10/2015;0,072364;0,024699
08/10/2015;0,026992;0,003925
09/10/2015;-0,03567;0,004724
13/10/2015;-0,096042;-0,04005
14/10/2015;-0,027279;-0,013766
15/10/2015;-0,00738;0,009655
16/10/2015;-0,038662;0,00159
19/10/2015;-0,013921;0,004467
20/10/2015;-0,019608;-0,007819
21/10/2015;-0,04;-0,001083
22/10/2015;0;0,015885
23/10/2015;-0,013333;-0,003684
26/10/2015;0,047297;-0,008131
27/10/2015;0,040323;-0,003537
28/10/2015;-0,069767;-0,00642
29/10/2015;-0,02;-0,023791
30/10/2015;0,003401;0,00526
03/11/2015;-0,039831;0,047637
04/11/2015;0,037952;-0,007138
05/11/2015;0,002551;0,007043
06/11/2015;-0,039864;-0,023478
09/11/2015;-0,022968;-0,015431
10/11/2015;-0,050633;0,00026
11/11/2015;0,005714;0,018591
12/11/2015;-0,024621;-0,003867
13/11/2015;0,029126;-0,007807
16/11/2015;-0,018868;0,007073
17/11/2015;0,056731;0,00856
18/11/2015;-0,044586;0,003979
19/11/2015;-0,000952;0,01482
20/11/2015;0;0
23/11/2015;-0,015253;0,000249
24/11/2015;0,037754;0,002783
25/11/2015;-0,046642;-0,029368
26/11/2015;0,034247;0,005953
27/11/2015;-0,053926;-0,027002
30/11/2015;-0,117;-0,016393
01/12/2015;-0,093998;-0,00164
02/12/2015;0,01;-0,00293
03/12/2015;0,07302;0,03293
04/12/2015;-0,076125;-0,022266
07/12/2015;0,047441;-0,003042
08/12/2015;-0,052443;-0,017226
09/12/2015;0,020126;0,037464
10/12/2015;0,048089;-0,010367
11/12/2015;-0,055294;-0,008065
14/12/2015;-0,024907;-0,011378
15/12/2015;0,123883;0,002793
16/12/2015;0,043182;0,003187
17/12/2015;0,154684;0,005465
18/12/2015;-0,009434;-0,029849
21/12/2015;-0,038095;-0,016192
22/12/2015;0,077228;0,00625
23/12/2015;0,084559;0,012538
24/12/2015;0;0
28/12/2015;0,372881;-0,00568
29/12/2015;0,108025;-0,002536
30/12/2015;-0,016713;-0,006964
31/12/2015;0;0
04/01/2016;0,016997;-0,027867
05/01/2016;0,010028;0,006597
06/01/2016;-0,086597;-0,015229
07/01/2016;-0,13285;-0,02583
08/01/2016;0,004178;-0,002015
11/01/2016;0;-0,016301
12/01/2016;-0,056865;-0,010939
13/01/2016;-0,006618;-0,0144
14/01/2016;0,050333;0,014277
15/01/2016;0,014799;-0,02357
18/01/2016;-0,013889;-0,016386
19/01/2016;-0,021127;0,003163
20/01/2016;-0,007194;-0,010826
21/01/2016;-0,007246;0,001913
22/01/2016;-0,069343;0,008325
25/01/2016;0;0
26/01/2016;0,004706;-0,014041
27/01/2016;0,013271;0,023442
28/01/2016;-0,010015;0,006619
29/01/2016;0,101167;0,045949
01/02/2016;0,028269;0,004084
02/02/2016;-0,037801;-0,048657
03/02/2016;0,035714;0,025702
04/02/2016;0,003448;0,031146
05/02/2016;-0,050172;-0,00561
10/02/2016;-0,027496;-0,005321
11/02/2016;-0,058036;-0,026204
12/02/2016;0,203002;0,012462
15/02/2016;0,139199;0,007134
16/02/2016;0,09683;0,021326
17/02/2016;-0,109301;0,01668
18/02/2016;0,051917;-0,003675
19/02/2016;0,009534;0,001591
22/02/2016;0,014444;0,040705
23/02/2016;0,039978;-0,016515
24/02/2016;0,000527;-0,010254
25/02/2016;-0,014737;-0,004681
26/02/2016;0,014957;-0,007019
29/02/2016;0,036842;0,028851
01/03/2016;0,055838;0,031033
02/03/2016;0,062981;0,017497
03/03/2016;0,137947;0,051233
04/03/2016;0,005564;0,04007
07/03/2016;-0,000791;0,0033
08/03/2016;-0,011472;-0,002924
09/03/2016;0,068427;-0,0089
10/03/2016;0,016854;0,018617
11/03/2016;-0,005157;0,001352
14/03/2016;0,036653;-0,015532
15/03/2016;-0,013214;-0,035545
16/03/2016;0,033659;0,013431
17/03/2016;0,001751;0,065951
18/03/2016;-0,038798;-0,001944
21/03/2016;0,085818;0,007026
22/03/2016;0,028131;-0,003146
23/03/2016;0,029316;-0,025877
24/03/2016;0;-0,000664
28/03/2016;-0,056329;0,023783
29/03/2016;0,013414;0,006216
30/03/2016;0,005956;0,001838
31/03/2016;-0,037829;-0,023279
01/04/2016;0,025641;0,010109
04/04/2016;-0,037;-0,035245
05/04/2016;-0,020076;0,005617
06/04/2016;-0,028612;-0,01951
07/04/2016;-0,009091;0,00867
08/04/2016;0,042202;0,036671
11/04/2016;0,021127;-0,002525
12/04/2016;0,001724;0,036599
13/04/2016;-0,018589;0,022076
14/04/2016;0,003157;-0,013885
15/04/2016;-0,003497;0,015569
18/04/2016;0,007018;-0,006256
19/04/2016;0,002091;0,015427
20/04/2016;0,010083;-0,001489
22/04/2016;-0,007229;-0,013481
25/04/2016;-0,007282;-0,019771
26/04/2016;0,012924;0,023544
27/04/2016;0,191724;0,02628
28/04/2016;-0,062789;-0,003047
29/04/2016;-0,011115;-0,007383
02/05/2016;0,089603;-0,006474
03/05/2016;-0,011748;-0,02429
04/05/2016;-0,070745;0,005587
05/05/2016;-0,110764;-0,016764
06/05/2016;0,192982;0,00089
09/05/2016;0,030882;-0,014057
10/05/2016;-0,001427;0,040792
11/05/2016;0,008571;-0,005766
12/05/2016;-0,022663;0,00904
13/05/2016;-0,025217;-0,02699
16/05/2016;0,013381;-0,000039
17/05/2016;0,003815;-0,01859
18/05/2016;0,018123;-0,005468
19/05/2016;-0,009762;-0,008485
20/05/2016;0,014787;-0,008178
23/05/2016;-0,035714;-0,007884
24/05/2016;0,024;0,000304
25/05/2016;-0,016204;0,002776
27/05/2016;-0,011765;-0,00871
30/05/2016;0,025893;-0,001774
31/05/2016;0,008413;-0,010069
01/06/2016;-0,026755;0,011161
02/06/2016;0,023648;0,017853
03/06/2016;0,010396;0,014673
06/06/2016;0,066019;-0,003714
07/06/2016;0,020107;0,00111
08/06/2016;0;0,02262
09/06/2016;-0,009461;-0,009898
10/06/2016;-0,023879;-0,033178
13/06/2016;-0,046208;0,004816
14/06/2016;-0,00741;-0,020379
15/06/2016;-0,001148;0,005468
16/06/2016;-0,025582;0,010161
17/06/2016;0,053097;0,002469
20/06/2016;0,030812;0,01607
21/06/2016;0,023913;0,010094
22/06/2016;-0,00345;-0,013396
23/06/2016;0,010652;0,027973
24/06/2016;-0,025033;-0,028201
27/06/2016;-0,00027;-0,017164
28/06/2016;0,027305;0,015453
29/06/2016;0,006579;0,019898
30/06/2016;0,006536;0,010294
01/07/2016;0,012987;0,013721
04/07/2016;0,00641;0,006414
05/07/2016;-0,002548;-0,013811
06/07/2016;-0,003831;0,001138
07/07/2016;0,015385;0,002177
08/07/2016;0,055556;0,021648
11/07/2016;-0,003828;0,015431
12/07/2016;0,003842;0,005486
13/07/2016;0,004785;0,006303
14/07/2016;0,015476;0,016154
15/07/2016;-0,00211;0,001766
18/07/2016;-0,000705;0,016301
19/07/2016;0,011051;0,003789
20/07/2016;0,003488;-0,002116
21/07/2016;-0,003476;0,001114
22/07/2016;0,000698;0,006373
25/07/2016;0,049965;-0,002281
26/07/2016;0,002877;-0,001583
27/07/2016;-0,005959;0,001233
28/07/2016;-0,021758;-0,003254
29/07/2016;0,044031;0,011312
01/08/2016;0;-0,00965
02/08/2016;-0,046739;-0,010448
03/08/2016;0,012543;0,016274
04/08/2016;0,126126;0,009058
05/08/2016;0,06;0,001181
08/08/2016;0,000943;-0,000451
09/08/2016;0,065033;0,000937
10/08/2016;0,030088;-0,013347
11/08/2016;0,013746;0,024245
12/08/2016;0,016441;-0,000017
15/08/2016;-0,008671;0,014529
16/08/2016;0,045248;-0,004903
17/08/2016;0,017058;0,007952
18/08/2016;-0,022152;-0,002647
19/08/2016;-0,008091;-0,001149
22/08/2016;0,008157;-0,022285
23/08/2016;0,017799;0,004136
24/08/2016;0;-0,005222
25/08/2016;-0,018124;0,000087
26/08/2016;0,005181;-0,000104
29/08/2016;0,013209;0,01549
30/08/2016;-0,029412;-0,000597
31/08/2016;-0,009009;-0,011507
01/09/2016;0,04562;0,005786
02/09/2016;0,039361;0,023697
05/09/2016;0,003498;-0,000839
06/09/2016;0,001819;0,009452
08/09/2016;-0,003026;0,001696
09/09/2016;-0,000152;-0,037057
12/09/2016;-0,002884;0,010121
13/09/2016;-0,056317;-0,030144
14/09/2016;-0,006935;0,004206
15/09/2016;0,007958;0,014897
16/09/2016;0,00709;-0,014333
19/09/2016;0,0272;0,004748
20/09/2016;0,018692;0,006731
21/09/2016;0,065902;0,011379
22/09/2016;0,010329;0,010292
23/09/2016;-0,011643;-0,005034
26/09/2016;0,021836;-0,010972
27/09/2016;0,044566;0,005667
28/09/2016;0,009421;0,016666
29/09/2016;0,001867;-0,016932
30/09/2016;0,0181;0,000291
03/10/2016;0,017124;0,018743
04/10/2016;0,015294;-0,002052
05/10/2016;0,024684;0,01542
06/10/2016;0,022236;0,006473
07/10/2016;0,02719;0,007651
10/10/2016;0,064706;0,009164
11/10/2016;-0,001436;-0,010492
13/10/2016;-0,020693;0,00159
14/10/2016;0,028023;0,010619
17/10/2016;-0,010772;0,01504
18/10/2016;0,011111;0,017322
19/10/2016;0,010879;-0,004343
20/10/2016;0,000109;0,005228
21/10/2016;0,011087;0,004245
24/10/2016;0,055902;-0,000764
25/10/2016;-0,154958;-0,003013
26/10/2016;-0,162651;-0,000642
27/10/2016;0,309209;0,006643
28/10/2016;-0,043961;0,000903
31/10/2016;0,062881;0,009595
01/11/2016;-0,003894;-0,024613
03/11/2016;-0,001086;-0,024887
04/11/2016;0,008804;-0,002462
07/11/2016;0,012822;0,039823
08/11/2016;0,009681;0,001655
09/11/2016;0,032452;-0,014013
10/11/2016;-0,032248;-0,032533
11/11/2016;-0,001055;-0,032958
14/11/2016;-0,027763;0,008009
16/11/2016;-0,00532;0,018472
17/11/2016;0,001637;-0,016277
18/11/2016;0,016783;0,003196
21/11/2016;0,028403;0,018495
22/11/2016;0,005941;0,014475
23/11/2016;0,019374;0,0005
24/11/2016;-0,010062;-0,009518
25/11/2016;0;0,002671
28/11/2016;0,008316;0,021053
29/11/2016;0,029936;-0,029735
30/11/2016;0,028176;0,015085
01/12/2016;-0,033654;-0,038768
02/12/2016;-0,014925;0,013612
05/12/2016;-0,012121;-0,008041
06/12/2016;0,042434;0,021009
07/12/2016;0,003923;0,005337
08/12/2016;0,029702;-0,012017
09/12/2016;0,007686;-0,002901
12/12/2016;-0,02533;-0,021851
13/12/2016;0,017293;0,001724
14/12/2016;-0,021747;-0,018016
15/12/2016;0,030482;0,003161
16/12/2016;0,008008;-0,00012
19/12/2016;-0,020561;-0,021905
20/12/2016;-0,010019;0,008265
21/12/2016;0,025735;0,001111
22/12/2016;-0,006296;-0,006783
23/12/2016;0,000473;0,011912
26/12/2016;0,00189;0,011789
27/12/2016;-0,010377;0,001296
28/12/2016;0,011725;0,018485
29/12/2016;0,000377;0,007461
30/12/2016;0;0
02/01/2017;-0,042008;-0,01061
03/01/2017;-0,003048;0,03734
04/01/2017;-0,053254;-0,003624
05/01/2017;0,034375;0,00781
06/01/2017;-0,006445;-0,006525
09/01/2017;-0,04551;0,000568
10/01/2017;0,023787;0,006985
11/01/2017;0,011306;0,00507
12/01/2017;0,066667;0,024133
13/01/2017;0,019231;-0,004722
16/01/2017;-0,019717;0,002828
17/01/2017;0,020114;0,008194
18/01/2017;0,005189;-0,003186
19/01/2017;0,007977;-0,003102
20/01/2017;0,116387;0,008929
23/01/2017;0,042535;0,019017
24/01/2017;0,04352;0,001399
25/01/2017;0;0
26/01/2017;-0,022386;0,005316
27/01/2017;-0,025329;-0,002372
30/01/2017;-0,061871;-0,026229
31/01/2017;0,097684;0,005739
01/02/2017;-0,007735;0,002567
02/02/2017;0;-0,003979
03/02/2017;0;0,005807
06/02/2017;0,094409;-0,014795
07/02/2017;0,007267;0,003219
08/02/2017;-0,021429;0,009922
09/02/2017;0;0,00199
10/02/2017;0,009343;0,017856
13/02/2017;0,099219;0,012749
14/02/2017;-0,016447;-0,003808
15/02/2017;0,0301;0,018932
16/02/2017;0,012987;-0,002369
17/02/2017;0,048397;-0,000973
20/02/2017;0,076124;0,011572
21/02/2017;0,088068;0,007588
22/02/2017;0,011332;-0,006705
23/02/2017;0,058915;-0,016446
24/02/2017;0,014775;-0,011844
01/03/2017;0,033107;0,00489
02/03/2017;-0,07907;-0,016928
03/03/2017;-0,015101;0,014137
06/03/2017;0,000051;-0,006648
07/03/2017;-0,050867;-0,009029
08/03/2017;-0,049163;-0,015576
09/03/2017;0,05392;-0,002055
10/03/2017;-0,078117;0,001394
13/03/2017;-0,005497;0,013282
14/03/2017;0,017288;-0,012741
15/03/2017;0,015549;0,023725
16/03/2017;0,115317;-0,006824
17/03/2017;-0,061495;-0,023912
20/03/2017;0,063132;0,010513
21/03/2017;-0,058872;-0,029345
22/03/2017;-0,008913;0,00859
23/03/2017;0,036411;0,000142
24/03/2017;-0,036508;0,005084
27/03/2017;-0,003295;0,007126
28/03/2017;-0,026722;0,005163
29/03/2017;0,020945;0,013738
30/03/2017;0,003604;-0,004014
31/03/2017;-0,021547;-0,004306
03/04/2017;0,033258;0,003493
04/04/2017;0,004372;0,008542
05/04/2017;0,016541;-0,015114
06/04/2017;0,006262;-0,008522
07/04/2017;-0,002394;0,005777
10/04/2017;-0,013596;0,000867
11/04/2017;0,012486;-0,004486
12/04/2017;-0,041856;-0,007272
13/04/2017;-0,041567;-0,016669
17/04/2017;0,103134;0,024003
18/04/2017;0,037628;-0,002736
19/04/2017;0,046269;-0,011721
20/04/2017;0,039806;0,005583
24/04/2017;-0,019608;0,009865
25/04/2017;-0,002381;0,011788
26/04/2017;0,012746;-0,004405
27/04/2017;0,05134;-0,002852
28/04/2017;0,003649;0,011241
02/05/2017;0,027784;0,020152
03/05/2017;0,004455;-0,009412
04/05/2017;-0,013043;-0,018625
05/05/2017;0,140969;0,013058
08/05/2017;0,015444;-0,002785
09/05/2017;0,031255;0,011461
10/05/2017;0,032372;0,016175
11/05/2017;-0,058929;0,002791
12/05/2017;0,005693;0,010128
15/05/2017;0,028302;0,003709
16/05/2017;0,034862;0,003067
17/05/2017;-0,005177;-0,016656
18/05/2017;-0,16233;-0,087992
19/05/2017;0,057447;0,016916
22/05/2017;-0,107123;-0,015422
23/05/2017;0,090184;0,016036
24/05/2017;0,032205;0,009495
25/05/2017;-0,003805;-0,00049
26/05/2017;0,025208;0,013586
29/05/2017;0,013725;-0,005071
30/05/2017;0,005803;0,003168
31/05/2017;-0,034615;-0,019558
01/06/2017;-0,013466;-0,006745
02/06/2017;-0,024715;0,003564
05/06/2017;-0,018675;-0,00096
06/06/2017;0,000042;0,00807
07/06/2017;0,0527;0,003431
08/06/2017;0,030943;-0,00657
09/06/2017;-0,020256;-0,008685
12/06/2017;-0,014643;-0,008198
13/06/2017;0,02964;0,002075
14/06/2017;0,005202;0,00152
16/06/2017;0,007782;-0,00478
19/06/2017;-0,007722;0,006296
20/06/2017;-0,043307;-0,020124
21/06/2017;-0,003538;-0,000082
22/06/2017;-0,02449;0,00841
23/06/2017;0,023808;-0,003019
26/06/2017;0,025788;0,018023
27/06/2017;-0,01992;-0,008249
28/06/2017;-0,020325;0,005545
29/06/2017;0,031037;0,003564
30/06/2017;0,030264;0,010621
03/07/2017;0,015625;0,006041
04/07/2017;0;-0,000759
05/07/2017;0;-0,001218
06/07/2017;-0,002308;-0,010831
07/07/2017;0,100578;-0,002369
10/07/2017;0,043189;0,01128
11/07/2017;0,020717;0,012804
12/07/2017;0,036218;0,015713
13/07/2017;-0,04127;0,00529
14/07/2017;0,046358;0,003958
17/07/2017;0,04443;-0,003423
18/07/2017;0,042298;0,001917
19/07/2017;0,003198;-0,002418
20/07/2017;0,009504;-0,003698
21/07/2017;-0,038119;-0,003911
24/07/2017;-0,000298;0,006416
25/07/2017;0,03406;0,008725
26/07/2017;-0,007679;-0,010005
27/07/2017;0,012422;0,004107
28/07/2017;0,053474;0,00337
31/07/2017;0,000682;0,006458
01/08/2017;0,009458;0,009041
02/08/2017;0,004131;0,009306
03/08/2017;0,001506;-0,005333
04/08/2017;0,055204;0,001797
07/08/2017;0,017812;0,015576
08/08/2017;-0,01405;-0,000603
09/08/2017;0,02812;-0,003343
10/08/2017;-0,02195;-0,010034
11/08/2017;0,043876;0,005463
14/08/2017;0,076551;0,013747
15/08/2017;0,019297;0,00104
16/08/2017;0,078677;0,003496
17/08/2017;-0,079592;-0,00901
18/08/2017;0,015521;0,010857
21/08/2017;0,032751;-0,001164
22/08/2017;-0,010634;0,020063
23/08/2017;-0,010428;0,006656
24/08/2017;0,030253;0,009294
25/08/2017;0,0035;-0,000829
28/08/2017;0,03179;-0,000802
29/08/2017;0,004069;0,004407
30/08/2017;0,038306;-0,006211
31/08/2017;0,102913;-0,000719
01/09/2017;-0,006796;0,01536
04/09/2017;0,102191;0,00286
05/09/2017;0,055019;0,000306
06/09/2017;0,041585;0,017485
08/09/2017;-0,075986;-0,004544
11/09/2017;-0,007856;0,016973
12/09/2017;-0,118519;0,002951
13/09/2017;0,047522;0,003341
14/09/2017;0,134163;-0,00175
15/09/2017;0,014512;0,014732
18/09/2017;-0,02332;0,003087
19/09/2017;-0,029538;-0,000214
20/09/2017;-0,042486;0,000394
21/09/2017;0,008344;-0,00526
22/09/2017;-0,014186;-0,002838
25/09/2017;-0,043304;-0,012552
26/09/2017;0,030501;-0,001676
27/09/2017;-0,076767;-0,007024
28/09/2017;0,03572;-0,003109
29/09/2017;0,048905;0,009872
02/10/2017;0,049454;0,000893
03/10/2017;0,014253;0,032317
04/10/2017;0,006457;-0,002234
05/10/2017;-0,013836;0,000341
06/10/2017;0,016582;-0,007346
09/10/2017;-0,023965;-0,004312
10/10/2017;0,023525;0,015456
11/10/2017;-0,032906;-0,003087
13/10/2017;-0,055844;0,004305
16/10/2017;-0,046768;-0,001272
17/10/2017;-0,079365;-0,008981
18/10/2017;0,108464;0,005116
19/10/2017;-0,010322;-0,00402
20/10/2017;0,035148;0,001407
23/10/2017;-0,044859;-0,012795
24/10/2017;-0,00578;0,012426
25/10/2017;0,000291;0,004204
26/10/2017;-0,045626;-0,010105
27/10/2017;-0,025579;0,001046
30/10/2017;-0,011719;-0,01547
31/10/2017;0,007905;-0,006575
01/11/2017;0,050824;-0,006523
03/11/2017;-0,081505;0,001242
06/11/2017;-0,073623;0,005349
07/11/2017;-0,095263;-0,025513
08/11/2017;0,068838;0,026904
09/11/2017;-0,061684;-0,019263
10/11/2017;-0,051431;-0,01049
13/11/2017;0,042397;0,004289
14/11/2017;0,073915;-0,022747
16/11/2017;0,037873;0,023793
17/11/2017;0,040351;0,012763
20/11/2017;0;0
21/11/2017;0,021922;0,015759
22/11/2017;-0,004455;-0,001016
23/11/2017;-0,026852;-0,000432
24/11/2017;0,04667;-0,00442
27/11/2017;-0,030269;-0,001328
28/11/2017;-0,013761;0,001091
29/11/2017;-0,009699;-0,019413
30/11/2017;-0,023711;-0,010034
01/12/2017;0,024463;0,004077
04/12/2017;-0,008761;0,011426
05/12/2017;-0,003466;-0,007443
06/12/2017;0,014087;0,009955
07/12/2017;0,105471;-0,010658
08/12/2017;0,085324;0,003371
11/12/2017;-0,002859;0,000938
12/12/2017;-0,000573;0,013922
13/12/2017;-0,013196;-0,012182
14/12/2017;0,005814;-0,006657
15/12/2017;0,003035;0,002468
18/12/2017;-0,008932;0,006993
19/12/2017;-0,027184;-0,005951
20/12/2017;0,046547;0,009448
21/12/2017;0,037202;0,024076
22/12/2017;0,009002;0,000707
26/12/2017;0,036097;0,006932
27/12/2017;0,023977;0,004819
28/12/2017;0,037775;0,004332
29/12/2017;0;0
02/01/2018;-0,011468;0,019488
03/01/2018;-0,01261;0,001337
04/01/2018;0,02401;0,008363
05/01/2018;-0,019706;0,005392
08/01/2018;0,000127;0,003883
09/01/2018;-0,024043;-0,006488
10/01/2018;0,010167;-0,008407
11/01/2018;0,001806;0,014896
12/01/2018;-0,00103;-0,000206
15/01/2018;0,017277;0,005082
16/01/2018;-0,002535;0,000995
17/01/2018;0,001017;0,017003
18/01/2018;-0,016375;-0,00279
19/01/2018;-0,00955;0,003172
22/01/2018;0,003257;0,005613
23/01/2018;-0,027273;-0,012208
24/01/2018;0,081308;0,037205
25/01/2018;0;0
26/01/2018;0,022348;0,022118
29/01/2018;0,021739;-0,009737
30/01/2018;0,000709;-0,002545
31/01/2018;-0,001181;0,005093
01/02/2018;0,015374;0,00686
02/02/2018;-0,023294;-0,017006
05/02/2018;-0,038517;-0,025943
06/02/2018;0,012526;0,024834
07/02/2018;-0,032337;-0,013437
08/02/2018;-0,037975;-0,014912
09/02/2018;-0,027763;-0,007774
14/02/2018;0,010962;0,032685
15/02/2018;0,060375;0,00895
16/02/2018;-0,007575;0,002776
19/02/2018;0,046432;0,003172
20/02/2018;0,008874;0,011926
21/02/2018;-0,041571;0,002889
22/02/2018;0,023636;0,007375
23/02/2018;0,068411;0,007
26/02/2018;0,084263;0,004117
27/02/2018;-0,029898;-0,008182
28/02/2018;-0,004918;-0,018196
01/03/2018;0,012411;0,000283
02/03/2018;0,00716;0,004492
05/03/2018;-0,026282;0,003049
06/03/2018;-0,013496;-0,004299
07/03/2018;0,009531;-0,001979
08/03/2018;-0,019882;-0,005837
09/03/2018;0,027879;0,016318
12/03/2018;0,020728;0,006125
13/03/2018;-0,011126;-0,005945
14/03/2018;-0,020208;-0,003854
15/03/2018;0,014493;-0,013048
16/03/2018;0,018681;-0,000491
19/03/2018;-0,021575;-0,011467
20/03/2018;-0,007718;0,002988
21/03/2018;0,033333;0,009657
22/03/2018;0,025699;-0,002456
23/03/2018;-0,006185;-0,004609
26/03/2018;0,054852;0,008423
27/03/2018;-0,033;-0,015041
28/03/2018;0,003102;0,000788
29/03/2018;0,009381;0,017782
02/04/2018;0,000102;-0,00819
03/04/2018;-0,009395;-0,000508
04/04/2018;-0,005155;-0,003117
05/04/2018;0,022694;0,010076
06/04/2018;-0,005978;-0,004568
09/04/2018;-0,014985;-0,01784
10/04/2018;-0,017903;0,014442
11/04/2018;0,020759;0,0087
12/04/2018;0,027253;0,002322
13/04/2018;-0,012662;-0,012981
16/04/2018;-0,02117;-0,017464
17/04/2018;0,011412;0,014778
18/04/2018;-0,013402;0,020102
19/04/2018;-0,013793;0,000557
20/04/2018;0,026807;-0,003195
23/04/2018;0,030544;0,000613
24/04/2018;0,012416;-0,001559
25/04/2018;0,003264;-0,004969
26/04/2018;0,030166;0,015742
27/04/2018;0,007656;0,000711
30/04/2018;0,01339;-0,003808
02/05/2018;-0,039453;-0,018213
03/05/2018;-0,051707;-0,014891
04/05/2018;0,005144;-0,002042
07/05/2018;-0,0087;-0,004856
08/05/2018;0,145999;0,002921
09/05/2018;0,014776;0,015785
10/05/2018;-0,02779;0,018937
11/05/2018;-0,007763;-0,007465
14/05/2018;-0,004602;0,00014
15/05/2018;-0,015534;-0,001194
16/05/2018;0,053912;0,016522
17/05/2018;-0,025488;-0,033685
18/05/2018;-0,038957;-0,006458
21/05/2018;0,04225;-0,015245
22/05/2018;0,040811;0,011288
23/05/2018;-0,018596;-0,02262
24/05/2018;0,009921;-0,009212
25/05/2018;-0,008762;-0,015285
28/05/2018;-0,0625;-0,044891
29/05/2018;-0,004857;0,009503
30/05/2018;0,037611;0,00896
01/06/2018;0,065025;0,006334
04/06/2018;0,076816;0,01756
05/06/2018;-0,026701;-0,024866
06/06/2018;-0,05528;-0,006844
07/06/2018;-0,069361;-0,029767
08/06/2018;-0,008553;-0,012314
11/06/2018;0,00692;-0,008696
12/06/2018;0,035587;0,006173
13/06/2018;0,021909;-0,008687
14/06/2018;0,062183;-0,009719
15/06/2018;0,003518;-0,009289
18/06/2018;-0,017026;-0,013327
19/06/2018;0,049924;0,022626
20/06/2018;-0,015931;0,010212
21/06/2018;-0,000657;-0,028403
22/06/2018;0,009868;0,008074
25/06/2018;-0,000489;0,004421
26/06/2018;0,008065;0,006365
27/06/2018;-0,01786;-0,011142
28/06/2018;0,016621;0,016393
29/06/2018;0,035937;0,013878
02/07/2018;-0,020002;0,001061
03/07/2018;-0,007175;0,011368
04/07/2018;-0,001445;0,014597
05/07/2018;-0,034982;-0,002543
06/07/2018;0,014167;0,006134
09/07/2018;0;0
10/07/2018;-0,029992;-0,001973
11/07/2018;-0,029987;-0,006196
12/07/2018;0,077373;0,019593
13/07/2018;0,0184;0,009731
16/07/2018;0,016714;0,00076
17/07/2018;0,033349;0,019278
18/07/2018;-0,038258;-0,009826
19/07/2018;0,015912;0,001606
20/07/2018;0,015507;0,013995
23/07/2018;-0,008781;-0,00732
24/07/2018;0,03035;0,014858
25/07/2018;-0,005682;0,01343
26/07/2018;-0,010902;-0,010131
27/07/2018;-0,013303;0,005803
30/07/2018;0,001541;0,005127
31/07/2018;0,017385;-0,013144
01/08/2018;0,015122;0,001025
02/08/2018;0,019291;0,004225
03/08/2018;0,000804;0,022581
06/08/2018;0,007593;-0,004718
07/08/2018;0,057246;-0,008689
08/08/2018;-0,040233;-0,014871
09/08/2018;0,049704;-0,004848
10/08/2018;-0,054153;-0,028611
13/08/2018;0,01417;0,012836
14/08/2018;0,005957;0,014267
15/08/2018;-0,022349;-0,01939
16/08/2018;-0,017091;-0,003364
17/08/2018;-0,019442;-0,010287
20/08/2018;0,035316;0,003938
21/08/2018;-0,042856;-0,015034
22/08/2018;0,013591;0,022904
23/08/2018;-0,010951;-0,016495
24/08/2018;-0,0058;0,008309
27/08/2018;-0,004394;0,021865
28/08/2018;-0,015827;-0,005858
29/08/2018;0,021416;0,011819
30/08/2018;-0,034138;-0,025319
31/08/2018;0,020768;0,003579
03/09/2018;-0,029098;-0,006323
04/09/2018;-0,066899;-0,019437
05/09/2018;0,032458;0,005093
06/09/2018;0,027661;0,017628
10/09/2018;-0,026677;0,000266
11/09/2018;-0,022649;-0,023285
12/09/2018;0,002519;0,006273
13/09/2018;-0,03325;-0,005832
14/09/2018;0,004938;0,00994
17/09/2018;0,024914;0,018027
18/09/2018;0,046598;0,019861
19/09/2018;-0,043559;-0,001855
20/09/2018;-0,004369;-0,000674
21/09/2018;0,046502;0,017004
24/09/2018;-0,021048;-0,018379
25/09/2018;0,014416;0,008283
26/09/2018;-0,00804;0,000331
27/09/2018;0,016537;0,017086
28/09/2018;-0,01353;-0,008221
01/10/2018;0,001143;-0,009059
02/10/2018;0,063361;0,038012
03/10/2018;0,068558;0,020354
04/10/2018;0,001148;-0,00385
05/10/2018;0,017921;-0,00761
08/10/2018;0,046056;0,045704
09/10/2018;0,011175;0,000042
10/10/2018;-0,043609;-0,027977
11/10/2018;0,049078;-0,009059
15/10/2018;-0,004645;0,00529
16/10/2018;0,061333;0,028285
17/10/2018;0,016018;0,000541
18/10/2018;-0,005379;-0,02235
19/10/2018;0,050472;0,004444
22/10/2018;-0,011243;0,016349
23/10/2018;0,01173;-0,003466
24/10/2018;-0,00627;-0,026219
25/10/2018;0,00131;0,012279
26/10/2018;-0,008441;0,019461
29/10/2018;-0,002098;-0,022435
30/10/2018;0,016942;0,036863
31/10/2018;-0,002777;0,00619
01/11/2018;0,006694;0,011387
05/11/2018;0,017831;0,013335
06/11/2018;-0,083603;-0,010371
07/11/2018;-0,04795;-0,010766
08/11/2018;-0,022068;-0,023875
09/11/2018;-0,007928;0,000246
12/11/2018;0,04877;-0,00136
13/11/2018;-0,000847;-0,007139
14/11/2018;0,013624;0,012471
16/11/2018;0,006431;0,02957
19/11/2018;-0,002236;-0,006942
20/11/2018;0;0
21/11/2018;-0,005828;-0,00719
22/11/2018;0,030662;0,002391
23/11/2018;0,014687;-0,014258
26/11/2018;-0,025747;-0,007929
27/11/2018;0,067017;0,027408
28/11/2018;0,007584;0,01547
29/11/2018;0,006998;0,00514
30/11/2018;-0,038601;-0,002291
03/12/2018;-0,015186;0,003531
04/12/2018;0,016468;-0,013311
05/12/2018;0,000667;0,004687
06/12/2018;0,002547;-0,002171
07/12/2018;-0,005928;-0,008232
10/12/2018;-0,023243;-0,024971
11/12/2018;0,024045;0,005876
12/12/2018;0,02196;0,006456
13/12/2018;-0,002976;0,009889
14/12/2018;0,018507;-0,004418
17/12/2018;-0,003107;-0,012005
18/12/2018;0,03428;0,00244
19/12/2018;0,00631;-0,010818
20/12/2018;0,005254;-0,004718
21/12/2018;0,027088;0,005018
24/12/2018;0;0
26/12/2018;-0,03283;-0,006547
27/12/2018;-0,015614;0,003807
28/12/2018;0,040632;0,0284
31/12/2018;0;0
02/01/2019;0,030545;0,035557
03/01/2019;-0,010699;0,006064
04/01/2019;-0,030435;0,00302
07/01/2019;0,015527;-0,001543
08/01/2019;-0,008059;0,003629
09/01/2019;-0,003339;0,017181
10/01/2019;0,009715;0,002061
11/01/2019;-0,017971;-0,001574
14/01/2019;0,007883;0,008711
15/01/2019;-0,011341;-0,004429
16/01/2019;-0,011132;0,003587
17/01/2019;-0,002971;0,010149
18/01/2019;-0,001605;0,00782
21/01/2019;-0,041332;-0,000905
22/01/2019;-0,029641;-0,009441
23/01/2019;0,046591;0,0153
24/01/2019;-0,0125;0,011586
25/01/2019;0;0
28/01/2019;-0,000597;-0,022864
29/01/2019;0,064046;0,002048
30/01/2019;-0,010949;0,014187
31/01/2019;0,016577;0,004098
01/02/2019;-0,001508;0,0048
04/02/2019;-0,009676;0,007433
05/02/2019;-0,008867;-0,002814
06/02/2019;-0,033048;-0,037388
07/02/2019;-0,017089;-0,00243
08/02/2019;0,019185;0,009931
11/02/2019;-0,027471;-0,009756
12/02/2019;-0,003206;0,018594
13/02/2019;-0,021238;-0,00339
14/02/2019;0,058215;0,022669
15/02/2019;-0,03937;-0,004991
18/02/2019;0,027871;-0,010418
19/02/2019;0,006645;0,011908
20/02/2019;-0,042202;-0,011411
21/02/2019;-0,008615;0,004013
22/02/2019;0,104283;0,009835
25/02/2019;-0,023609;-0,006596
26/02/2019;0,027634;0,003729
27/02/2019;-0,014006;-0,003024
28/02/2019;-0,014432;-0,017706
01/03/2019;0,010146;-0,010259
06/03/2019;-0,020603;-0,004089
07/03/2019;0,032283;0,001309
08/03/2019;0,020717;0,010862
11/03/2019;0,009678;0,027911
12/03/2019;-0,020376;-0,002026
13/03/2019;-0,008778;0,010997
14/03/2019;-0,0044;-0,003025
15/03/2019;0,003909;0,005396
18/03/2019;0,018229;0,008646
19/03/2019;0,001552;-0,004056
20/03/2019;0,005147;-0,015534
21/03/2019;0,003414;-0,013385
22/03/2019;-0,049108;-0,030952
25/03/2019;-0,001096;-0,00078
26/03/2019;0,020103;0,017561
27/03/2019;-0,048644;-0,03571
28/03/2019;0,016607;0,027045
29/03/2019;0,012062;0,010866
01/04/2019;-0,009025;0,006707
02/04/2019;-0,030008;-0,006951
03/04/2019;0,017574;-0,009386
04/04/2019;-0,000414;0,019278
05/04/2019;0,005858;0,008255
08/04/2019;-0,019119;0,002689
09/04/2019;-0,002579;-0,011066
10/04/2019;0,014371;-0,003514
11/04/2019;-0,016005;-0,012493
12/04/2019;-0,007048;-0,019838
15/04/2019;-0,008069;0,002239
16/04/2019;-0,002634;0,013433
17/04/2019;-0,017701;-0,011115
18/04/2019;0,068702;0,013866
22/04/2019;-0,021077;0,000104
23/04/2019;0,022727;0,014116
24/04/2019;0,008538;-0,009151
25/04/2019;0,014728;0,015851
26/04/2019;0,022571;-0,003273
29/04/2019;-0,002459;-0,000502
30/04/2019;0,071425;0,001721
02/05/2019;-0,002719;-0,00857
03/05/2019;0,028887;0,005028
06/05/2019;0,020178;-0,010408
07/05/2019;-0,040258;-0,006525
08/05/2019;0,007026;0,012797
09/05/2019;-0,039276;-0,008251
10/05/2019;0,003228;-0,005804
13/05/2019;-0,034745;-0,026852
14/05/2019;-0,009832;0,003989
15/05/2019;-0,029453;-0,005093
16/05/2019;-0,034682;-0,017452
17/05/2019;0,010898;-0,000353
20/05/2019;0,02476;0,021707
21/05/2019;0,037052;0,027608
22/05/2019;0,004682;-0,001312
23/05/2019;0,00111;-0,004776
24/05/2019;-0,01995;-0,003005
27/05/2019;0,006503;0,013206
28/05/2019;0,061798;0,016113
29/05/2019;0,001429;0,001803
30/05/2019;0,019126;0,009225
31/05/2019;0,016123;-0,004382
03/06/2019;-0,006429;-0,000101
04/06/2019;-0,00113;0,003708
05/06/2019;-0,017119;-0,014187
06/06/2019;-0,006172;0,012564
07/06/2019;0,044419;0,006341
10/06/2019;0,020408;-0,003625
11/06/2019;0,02316;0,015321
12/06/2019;-0,019644;-0,006458
13/06/2019;0,031952;0,004606
14/06/2019;0,009351;-0,007427
17/06/2019;-0,019237;-0,004251
18/06/2019;0,002892;0,018245
19/06/2019;0,00913;0,009044
21/06/2019;0,012619;0,017041
24/06/2019;-0,012556;0,000487
25/06/2019;-0,016525;-0,019296
26/06/2019;0,009394;0,005951
27/06/2019;0,000959;0,000351
28/06/2019;0,011838;0,002415
01/07/2019;-0,004358;0,003689
02/07/2019;0,010752;-0,007248
03/07/2019;0,03949;0,014293
04/07/2019;0,001132;0,015612
05/07/2019;0,022524;0,004374
08/07/2019;0,014685;0,004234
09/07/2019;0;0
10/07/2019;0,017873;0,012311
11/07/2019;-0,011692;-0,006338
12/07/2019;0,005547;-0,011797
15/07/2019;-0,006033;-0,000994
16/07/2019;0,014524;-0,000263
17/07/2019;0,044402;0,000772
18/07/2019;0,01068;0,008291
19/07/2019;-0,036235;-0,012077
22/07/2019;0,039067;0,004809
23/07/2019;-0,021629;-0,002359
24/07/2019;0,015744;0,004004
25/07/2019;-0,005411;-0,01407
26/07/2019;0,030759;0,001601
29/07/2019;0,046825;0,006455
30/07/2019;0,002843;-0,005314
31/07/2019;-0,003137;-0,010887
01/08/2019;0,04846;0,003082
02/08/2019;0,025497;0,005363
05/08/2019;-0,026627;-0,025089
06/08/2019;0,06087;0,020639
07/08/2019;-0,007923;0,006056
08/08/2019;0,022859;0,012968
09/08/2019;0,017232;-0,001144
12/08/2019;-0,035998;-0,02001
13/08/2019;0,039264;0,013582
14/08/2019;-0,023778;-0,029443
15/08/2019;-0,017321;-0,01198
16/08/2019;0,034426;0,00756
19/08/2019;0,007188;-0,003378
20/08/2019;-0,034364;-0,002477
21/08/2019;0,000274;0,019952
22/08/2019;-0,057745;-0,011765
23/08/2019;-0,018879;-0,023435
26/08/2019;-0,002368;-0,012675
27/08/2019;0,015134;0,008779
28/08/2019;0,020462;0,00943
29/08/2019;0,067316;0,023738
30/08/2019;-0,026033;0,00607
02/09/2019;0,008818;-0,005032
03/09/2019;-0,01994;-0,00939
04/09/2019;0,036789;0,015249
05/09/2019;-0,013441;0,010297
06/09/2019;-0,019074;0,006772
09/09/2019;-0,05;0,002382
10/09/2019;-0,049708;-0,001445
11/09/2019;0,064615;0,004019
12/09/2019;0,011561;0,008945
13/09/2019;-0,025714;-0,008333
16/09/2019;0,022581;0,001732
17/09/2019;-0,000574;0,009032
18/09/2019;0,006026;-0,000812
19/09/2019;0,021392;-0,001844
20/09/2019;0,020944;0,004584
23/09/2019;-0,015591;-0,001713
24/09/2019;0,021673;-0,007284
25/09/2019;-0,00136;0,005827
26/09/2019;-0,004085;0,008025
27/09/2019;0,006289;-0,002296
30/09/2019;0,006522;-0,003163
01/10/2019;0,011069;-0,006606
02/10/2019;-0,025367;-0,029042
03/10/2019;0,021918;0,004797
04/10/2019;0,039678;0,010198
07/10/2019;-0,009799;-0,019293
08/10/2019;-0,008516;-0,00588
09/10/2019;0,043421;0,012676
10/10/2019;-0,017907;0,005613
11/10/2019;0,040062;0,019788
14/10/2019;0,041235;0,004523
15/10/2019;-0,008774;0,001802
16/10/2019;0,022967;0,008931
17/10/2019;0,009588;-0,003861
18/10/2019;-0,003938;-0,002732
21/10/2019;0,002326;0,01235
22/10/2019;0,014385;0,012816
23/10/2019;-0,005261;0,001513
24/10/2019;-0,005519;-0,005183
25/10/2019;-0,028902;0,00353
28/10/2019;0,015952;0,007668
29/10/2019;-0,035622;-0,005831
30/10/2019;0,069745;0,007915
31/10/2019;0,014085;-0,010956
01/11/2019;0,057124;0,009101
04/11/2019;-0,047044;0,005395
05/11/2019;-0,02068;-0,000554
06/11/2019;0,02634;-0,0033
07/11/2019;-0,022124;0,011262
08/11/2019;-0,008824;-0,01781
11/11/2019;0,027619;0,006861
12/11/2019;-0,035984;-0,014915
13/11/2019;-0,020737;-0,006474
14/11/2019;0,041176;0,004685
18/11/2019;0,016497;-0,002699
19/11/2019;-0,010227;-0,003812
20/11/2019;0;0
21/11/2019;0,010782;0,015421
22/11/2019;0,010889;0,011122
25/11/2019;-0,02616;-0,002469
26/11/2019;-0,028442;-0,012585
27/11/2019;0,05948;0,006056
28/11/2019;0;0,005407
29/11/2019;-0,0125;-0,000525
02/12/2019;-0,002443;0,006417
03/12/2019;-0,007346;0,000259
04/12/2019;-0,011662;0,012344
05/12/2019;0,018607;0,002913
06/12/2019;0,011361;0,004551
09/12/2019;0,009912;-0,001337
10/12/2019;0,016358;-0,00275
11/12/2019;0,02103;0,002637
12/12/2019;0,005254;0,011138
13/12/2019;0,025925;0,003254
16/12/2019;0,004687;-0,005942
17/12/2019;-0,028803;0,006431
18/12/2019;0,013576;0,015087
19/12/2019;0,001855;0,007143
20/12/2019;-0,000617;-0,000088
23/12/2019;0,003087;0,006447
24/12/2019;0;0
26/12/2019;0,007181;0,011565
27/12/2019;-0,007333;-0,00571
30/12/2019;-0,021137;-0,007626
31/12/2019;0;0
02/01/2020;0,034948;0,025317
03/01/2020;-0,00892;-0,007307
06/01/2020;0,000818;-0,007041
07/01/2020;-0,002861;-0,001848
08/01/2020;0,030744;-0,003557
09/01/2020;0,035594;-0,00258
10/01/2020;-0,005376;-0,003827
13/01/2020;0,046911;0,015773
14/01/2020;-0,004241;0,002618
15/01/2020;-0,006296;-0,010355
16/01/2020;-0,003727;0,00249
17/01/2020;0,016648;0,015202
20/01/2020;0,030359;0,003235
21/01/2020;-0,001607;-0,015443
22/01/2020;-0,003935;0,011667
23/01/2020;0,015981;0,009598
24/01/2020;-0,0076;-0,009632
27/01/2020;-0,041852;-0,032899
28/01/2020;0,059294;0,017445
29/01/2020;0,005264;-0,009393
30/01/2020;-0,013789;0,001241
31/01/2020;-0,012389;-0,015299
03/02/2020;0,013082;0,007636
04/02/2020;0,019989;0,008091
05/02/2020;-0,006243;0,004081
06/02/2020;-0,025654;-0,007225
07/02/2020;-0,028658;-0,012325
10/02/2020;-0,034114;-0,010547
11/02/2020;0,036082;0,024876
12/02/2020;0,030772;0,011299
13/02/2020;0,019843;-0,008671
14/02/2020;-0,012621;-0,011081
17/02/2020;0,044736;0,008116
18/02/2020;-0,010705;-0,002877
19/02/2020;-0,006183;0,013397
20/02/2020;-0,022814;-0,016576
21/02/2020;-0,001592;-0,007896
26/02/2020;-0,063242;-0,070048
27/02/2020;-0,049735;-0,025868
28/02/2020;0,005373;0,011536
02/03/2020;0,040182;0,023556
03/03/2020;0,005709;-0,010206
04/03/2020;-0,007569;0,015986
05/03/2020;-0,088847;-0,046547
06/03/2020;-0,051475;-0,041439
09/03/2020;-0,10964;-0,121734
10/03/2020;0,164272;0,071424
11/03/2020;-0,083209;-0,07638
12/03/2020;-0,210771;-0,147804
13/03/2020;0,235294;0,139088
16/03/2020;-0,18881;-0,139213
17/03/2020;0,044027;0,048465
18/03/2020;-0,190048;-0,103492
19/03/2020;0,060396;0,021479
20/03/2020;0,003273;-0,018475
23/03/2020;-0,014356;-0,052181
24/03/2020;0,214167;0,096897
25/03/2020;0,090513;0,074951
26/03/2020;0,028;0,036743
27/03/2020;-0,051556;-0,055088
30/03/2020;0,066667;0,016488
31/03/2020;-0,06274;-0,021701
01/04/2020;-0,038728;-0,028116
02/04/2020;-0,042423;0,018132
03/04/2020;-0,009752;-0,037589
06/04/2020;0,074845;0,065223
07/04/2020;0,049476;0,030849
08/04/2020;0,046645;0,029683
09/04/2020;-0,007388;-0,01199
13/04/2020;0,006242;0,014854
14/04/2020;0,023622;0,013732
15/04/2020;0,022145;-0,0136
16/04/2020;0,039225;-0,012934
17/04/2020;-0,021505;0,015145
20/04/2020;0,087239;-0,000222
22/04/2020;0,042698;0,021709
23/04/2020;-0,021365;-0,012565
24/04/2020;-0,042248;-0,054506
27/04/2020;0,044745;0,038603
28/04/2020;0,046465;0,039285
29/04/2020;-0,02278;0,022857
30/04/2020;-0,018175;-0,032041
04/05/2020;0,03501;-0,020243
05/05/2020;-0,024106;0,007538
06/05/2020;0,098606;-0,005123
07/05/2020;0,029737;-0,011954
08/05/2020;-0,022011;0,027455
11/05/2020;-0,010623;-0,014935
12/05/2020;-0,00273;-0,015085
13/05/2020;0,005474;-0,001281
14/05/2020;0,00726;0,015926
15/05/2020;-0,006667;-0,018405
18/05/2020;0,011246;0,046903
19/05/2020;0,050762;-0,005566
20/05/2020;-0,028679;0,007147
21/05/2020;0,024429;0,020999
22/05/2020;-0,01098;-0,010284
25/05/2020;0,047702;0,042475
26/05/2020;0,06755;-0,002271
27/05/2020;0,044665;0,028985
28/05/2020;-0,031324;-0,011338
29/05/2020;-0,013793;0,005216
01/06/2020;-0,010101;0,01393
02/06/2020;-0,029827;0,027378
03/06/2020;0,009385;0,021481
04/06/2020;-0,030298;0,008887
05/06/2020;-0,017193;0,008616
08/06/2020;0,049285;0,03178
09/06/2020;0;-0,009198
10/06/2020;0,035588;-0,021299
12/06/2020;-0,010062;-0,019968
15/06/2020;0,029711;-0,004523
16/06/2020;0,002278;0,01251
17/06/2020;0,01803;0,021556
18/06/2020;0,037357;0,006049
19/06/2020;0,02439;0,004649
22/06/2020;-0,007003;-0,0128
23/06/2020;-0,009168;0,006705
24/06/2020;-0,006406;-0,016648
25/06/2020;-0,001576;0,017014
26/06/2020;-0,004879;-0,022385
29/06/2020;0,015285;0,020258
30/06/2020;0,017611;-0,007098
01/07/2020;0,009072;0,012071
02/07/2020;-0,030429;0,00033
03/07/2020;0,027104;0,005506
06/07/2020;-0,000139;0,022449
07/07/2020;0,037922;-0,011888
08/07/2020;0,026499;0,020548
09/07/2020;0,035202;-0,00611
10/07/2020;0,009824;0,008789
13/07/2020;0,003991;-0,013343
14/07/2020;0;0,017662
15/07/2020;0,012422;0,013444
16/07/2020;-0,016196;-0,012155
17/07/2020;0,022699;0,023221
20/07/2020;0,060976;0,014949
21/07/2020;-0,031034;-0,001117
22/07/2020;0,004152;-0,000193
23/07/2020;-0,050207;-0,019142
24/07/2020;-0,00908;0,000863
27/07/2020;-0,004017;0,020468
28/07/2020;0,013233;-0,003522
29/07/2020;-0,002363;0,014371
30/07/2020;0,038399;-0,005648
31/07/2020;-0,029879;-0,019965
03/08/2020;0,023045;-0,0008
04/08/2020;-0,000848;-0,015697
05/08/2020;0,006061;0,015668
06/08/2020;0,03506;0,012878
07/08/2020;-0,003026;-0,012966
10/08/2020;-0,043433;0,006509
11/08/2020;-0,011473;-0,012278
12/08/2020;-0,011483;-0,000554
13/08/2020;0,004871;-0,016228
14/08/2020;0,016283;0,008888
17/08/2020;-0,001345;-0,017346
18/08/2020;0,096142;0,0248
19/08/2020;0,002235;-0,011871
20/08/2020;-0,026198;0,00609
21/08/2020;0;0,000526
24/08/2020;-0,003091;0,00765
25/08/2020;0,010565;-0,001763
26/08/2020;0,024432;-0,014594
27/08/2020;0,0203;-0,000037
28/08/2020;0,028267;0,015099
31/08/2020;-0,014379;-0,027156
01/09/2020;0,022635;0,028163
02/09/2020;-0,019092;-0,002511
03/09/2020;-0,053577;-0,011675
04/09/2020;0,003051;0,005166
08/09/2020;-0,012166;-0,011767
09/09/2020;0,040027;0,01241
10/09/2020;-0,032346;-0,024261
11/09/2020;-0,007705;-0,004769
14/09/2020;0,031175;0,019431
15/09/2020;-0,007973;0,000233
16/09/2020;-0,004577;-0,006204
17/09/2020;-0,023214;0,004235
18/09/2020;0,000689;-0,018064
21/09/2020;0,017669;-0,013216
22/09/2020;0,008906;0,003122
23/09/2020;-0,033635;-0,016021
24/09/2020;0,032609;0,013342
25/09/2020;0,014894;-0,000131
28/09/2020;-0,034867;-0,024052
29/09/2020;0,000114;-0,011472
30/09/2020;0,019662;0,010932
01/10/2020;0,030269;0,009251
02/10/2020;-0,041893;-0,015321
05/10/2020;0,023737;0,022055
06/10/2020;-0,009319;-0,004935
07/10/2020;-0,004031;-0,000928
08/10/2020;0,032944;0,025056
09/10/2020;0,068357;-0,004457
13/10/2020;0,059603;0,010458
14/10/2020;-0,015769;0,008442
15/10/2020;-0,003126;-0,002822
16/10/2020;0,011368;-0,007521
19/10/2020;-0,004264;0,003545
20/10/2020;0,013624;0,019078
21/10/2020;0,006912;0,000125
22/10/2020;-0,004577;0,013578
23/10/2020;-0,006897;-0,006456
26/10/2020;-0,017361;-0,002398
27/10/2020;-0,000785;-0,013972
28/10/2020;-0,03222;-0,042536
29/10/2020;0,029639;0,012723
30/10/2020;-0,028785;-0,027228
03/11/2020;0,014616;0,021578
04/11/2020;0,048019;0,019661
05/11/2020;0,04811;0,029475
06/11/2020;-0,004372;0,001724
09/11/2020;-0,032199;0,025663
10/11/2020;-0,046503;0,014991
11/11/2020;0,014274;-0,002457
12/11/2020;-0,003909;-0,021962
13/11/2020;-0,014914;0,021618
16/11/2020;-0,00996;0,016299
17/11/2020;-0,004829;0,007692
18/11/2020;-0,007683;-0,010532
19/11/2020;0,004075;0,00519
20/11/2020;-0,017857;-0,005882
23/11/2020;-0,032231;0,012603
24/11/2020;0,011956;0,022419
25/11/2020;0,012658;0,003154
26/11/2020;0,010417;0,000859
27/11/2020;-0,002474;0,003161
30/11/2020;-0,033485;-0,015213
01/12/2020;-0,021386;0,023019
02/12/2020;0,00743;0,004296
03/12/2020;0,010846;0,003692
04/12/2020;0,015451;0,01299
07/12/2020;0,005917;-0,001411
08/12/2020;0,048319;0,00179
09/12/2020;-0,038878;-0,006959
10/12/2020;-0,024187;0,018827
11/12/2020;-0,017521;-0,000005
14/12/2020;0,046107;-0,00449
15/12/2020;0,023285;0,013415
16/12/2020;0,014222;0,014711
17/12/2020;-0,016827;0,004609
18/12/2020;-0,000815;-0,003183
21/12/2020;0,019576;-0,01865
22/12/2020;0,0064;0,007025
23/12/2020;-0,007552;0,010037
24/12/2020;0;0
28/12/2020;0,011213;0,011178
29/12/2020;0,001188;0,002396
30/12/2020;-0,012026;-0,003282
31/12/2020;0;0
04/01/2021;0,01002;-0,001366
05/01/2021;-0,01746;0,004388
06/01/2021;-0,053312;-0,002313
07/01/2021;-0,011945;0,027589
08/01/2021;0,029361;0,021985
11/01/2021;-0,014681;-0,014563
12/01/2021;0,030226;0,006027
13/01/2021;-0,007438;-0,016653
14/01/2021;-0,012073;0,012691
15/01/2021;0,009692;-0,025362
18/01/2021;0,020451;0,007419
19/01/2021;-0,015133;-0,004992
20/01/2021;0,055648;-0,008206
21/01/2021;0,002754;-0,011011
22/01/2021;0,019616;-0,008016
25/01/2021;0;0
26/01/2021;-0,009234;-0,007807
27/01/2021;0,001553;-0,004995
28/01/2021;0,01551;0,025897
29/01/2021;-0,035128;-0,032096
01/02/2021;-0,013455;0,021292
02/02/2021;0,014842;0,006095
03/02/2021;0,013834;0,01261
04/02/2021;-0,013255;-0,003875
05/02/2021;0,021335;0,008213
08/02/2021;0,011992;-0,004523
09/02/2021;0,003058;-0,001878
10/02/2021;-0,035823;-0,008674
11/02/2021;0,013834;0,007299
12/02/2021;0,010136;0,00108
17/02/2021;-0,015824;0,007763
18/02/2021;-0,018039;-0,009612
19/02/2021;-0,003994;-0,006447
22/02/2021;-0,027666;-0,04866
23/02/2021;0,025155;0,02272
24/02/2021;-0,00885;0,003821
25/02/2021;-0,023539;-0,029493
26/02/2021;0,004988;-0,019787
01/03/2021;0,015302;0,002723
02/03/2021;-0,011405;0,010921
03/03/2021;0,035023;-0,00319
04/03/2021;0,012739;0,013547
05/03/2021;-0,012186;0,022292
08/03/2021;-0,08078;-0,039849
09/03/2021;0,012554;0,006501
10/03/2021;0,064558;0,012987
11/03/2021;-0,004016;0,019572
12/03/2021;-0,009274;-0,007161
15/03/2021;-0,034595;0,006047
16/03/2021;0,018128;-0,007244
17/03/2021;-0,008696;0,022195
18/03/2021;-0,06934;-0,014706
19/03/2021;0,000449;0,012071
22/03/2021;-0,017048;-0,010693
23/03/2021;-0,018257;-0,014934
24/03/2021;-0,052999;-0,010574
25/03/2021;-0,003436;0,015042
26/03/2021;-0,015764;0,009061
29/03/2021;-0,016517;0,005559
30/03/2021;0,020865;0,012398
31/03/2021;0,008973;-0,001848
01/04/2021;0,009881;-0,011835
05/04/2021;-0,000978;0,019653
06/04/2021;0,008815;-0,000167
07/04/2021;-0,020388;0,001061
08/04/2021;0,082755;0,005863
09/04/2021;-0,008238;-0,005438
12/04/2021;-0,000923;0,009704
13/04/2021;0,025404;0,004085
14/04/2021;-0,003604;0,008362
15/04/2021;0,003617;0,003375
16/04/2021;-0,012613;0,003424
19/04/2021;-0,012318;-0,001487
20/04/2021;-0,002309;-0,007209
22/04/2021;-0,020833;-0,005751
23/04/2021;0,027423;0,009706
26/04/2021;-0,00092;0,000536
27/04/2021;-0,035007;-0,010002
28/04/2021;-0,01432;0,013939
29/04/2021;-0,018886;-0,008152
30/04/2021;-0,011352;-0,009761
03/05/2021;0,007489;0,002655
04/05/2021;-0,021308;-0,012562
05/05/2021;0,007595;0,015737
06/05/2021;-0,022111;0,002979
07/05/2021;0,022097;0,017658
10/05/2021;-0,034691;-0,001058
11/05/2021;0,00625;0,008654
12/05/2021;-0,037785;-0,026463
13/05/2021;0,029048;0,008319
14/05/2021;0,001045;0,009734
17/05/2021;-0,015144;0,008673
18/05/2021;0,005832;0,000342
19/05/2021;-0,015287;-0,002794
20/05/2021;0,003212;0,000526
21/05/2021;-0,011206;-0,000883
24/05/2021;0,079331;0,011739
25/05/2021;0,001;-0,008416
26/05/2021;-0,017483;0,008143
27/05/2021;-0,004067;0,003044
28/05/2021;0,033691;0,009607
31/05/2021;-0,004444;0,005211
01/06/2021;0,009425;0,016252
02/06/2021;0,007371;0,010403
04/06/2021;0,017073;0,004046
07/06/2021;-0,002398;0,004999
08/06/2021;0,012019;-0,007564
09/06/2021;-0,037055;0,000922
10/06/2021;0,000493;0,001304
11/06/2021;0,004931;-0,004883
14/06/2021;0,010304;0,005925
15/06/2021;0,01457;-0,000898
16/06/2021;-0,027764;-0,006392
17/06/2021;0,049237;-0,009301
18/06/2021;-0,011262;0,002719
21/06/2021;0,009492;0,006695
22/06/2021;-0,014104;-0,003849
23/06/2021;-0,018598;-0,002636
24/06/2021;0,051992;0,008453
25/06/2021;-0,012009;-0,017435
28/06/2021;0,006545;0,001364
29/06/2021;0,006503;-0,000798
30/06/2021;-0,023996;-0,004129
01/07/2021;-0,021749;-0,008955
02/07/2021;0,045916;0,015561
05/07/2021;-0,012015;-0,005497
06/07/2021;-0,013785;-0,01438
07/07/2021;0,044613;0,015379
08/07/2021;-0,004089;-0,012525
09/07/2021;0;0
12/07/2021;0,008212;0,017269
13/07/2021;0,017647;0,004498
14/07/2021;0,019564;0,001863
15/07/2021;0,034453;-0,00731
16/07/2021;0,007589;-0,011827
19/07/2021;-0,032636;-0,01243
20/07/2021;0,010813;0,008094
21/07/2021;-0,000428;0,00421
22/07/2021;-0,004709;0,001726
23/07/2021;-0,027957;-0,008671
26/07/2021;-0,024779;0,007605
27/07/2021;-0,02677;-0,011046
28/07/2021;0,00373;0,01343
29/07/2021;0,008825;-0,004832
30/07/2021;-0,051565;-0,03083
02/08/2021;0,001456;0,00587
03/08/2021;-0,009695;0,008659
04/08/2021;-0,023005;-0,014366
05/08/2021;0,02505;-0,001382
06/08/2021;0,010753;0,00968
09/08/2021;-0,009188;0,001702
10/08/2021;-0,004392;-0,00664
11/08/2021;0,025;-0,001196
12/08/2021;0,002869;-0,011104
13/08/2021;-0,033381;0,004083
16/08/2021;-0,041934;-0,016616
17/08/2021;-0,005664;-0,010708
18/08/2021;-0,02434;-0,010697
19/08/2021;0,005839;0,004476
20/08/2021;-0,004749;0,00758
23/08/2021;-0,038706;-0,004922
24/08/2021;0,061224;0,023317
25/08/2021;0,016112;0,005049
26/08/2021;-0,038363;-0,01733
27/08/2021;0,012234;0,016455
30/08/2021;-0,007882;-0,00777
31/08/2021;-0,033898;-0,008008
01/09/2021;0,024123;0,005174
02/09/2021;-0,035867;-0,022769
03/09/2021;0,049417;0,002195
06/09/2021;0,030688;0,007999
08/09/2021;-0,035421;-0,037803
09/09/2021;0,003193;0,017176
10/09/2021;-0,088594;-0,009318
13/09/2021;0,015134;0,018531
14/09/2021;-0,023509;-0,001917
15/09/2021;-0,024075;-0,009623
16/09/2021;-0,015042;-0,011022
17/09/2021;0,012217;-0,020694
20/09/2021;-0,031382;-0,023292
21/09/2021;0,021184;0,012918
22/09/2021;-0,003051;0,018436
23/09/2021;-0,028764;0,015871
24/09/2021;-0,015123;-0,006853
27/09/2021;-0,039667;0,002651
28/09/2021;-0,055296;-0,030455
29/09/2021;-0,016925;0,008926
30/09/2021;0,028694;-0,00115
01/10/2021;0,014644;0,017305
04/10/2021;-0,057732;-0,022202
05/10/2021;-0,002188;0,000585
06/10/2021;0,057018;0,000923
07/10/2021;-0,029737;0,000234
08/10/2021;0,066999;0,020326
11/10/2021;-0,039412;-0,005785
13/10/2021;0,008345;0,01137
14/10/2021;-0,022759;-0,002384
15/10/2021;0,027523;0,012921
18/10/2021;-0,019231;-0,001917
19/10/2021;-0,038515;-0,032819
20/10/2021;-0,03496;0,001027
21/10/2021;-0,063396;-0,027543
22/10/2021;0,000806;-0,013355
25/10/2021;-0,006441;0,022751
26/10/2021;-0,029173;-0,021111
27/10/2021;-0,03172;-0,00053
28/10/2021;-0,038793;-0,006188
29/10/2021;-0,030493;-0,020853
01/11/2021;0,045328;0,019808
03/11/2021;0,022124;0,000625
04/11/2021;-0,040693;-0,020875
05/11/2021;0,122744;0,013655
08/11/2021;-0,040997;-0,000411
09/11/2021;0,100587;0,007195
10/11/2021;-0,008378;0,004098
11/11/2021;0,048387;0,015355
12/11/2021;-0,18315;-0,011712
16/11/2021;-0,126457;-0,018159
17/11/2021;-0,048255;-0,013938
18/11/2021;-0,030205;-0,005075
19/11/2021;0,031146;0,005946
22/11/2021;-0,046386;-0,008858
23/11/2021;-0,027149;0,014996
24/11/2021;0,025581;0,0083
25/11/2021;-0,013605;0,01241
26/11/2021;-0,073563;-0,0339
29/11/2021;-0,002481;0,005769
30/11/2021;-0,029851;-0,00874
01/12/2021;-0,117949;-0,011194
02/12/2021;-0,017442;0,036633
03/12/2021;0,042899;0,005777
06/12/2021;0,035461;0,017029
07/12/2021;0,043836;0,006539
08/12/2021;-0,106299;0,005001
09/12/2021;-0,077827;-0,016692
10/12/2021;0,014331;0,013803
13/12/2021;-0,050235;-0,00348
14/12/2021;-0,05124;-0,005805
15/12/2021;0,074913;0,006288
16/12/2021;0,037277;0,008332
17/12/2021;0,040625;-0,010392
20/12/2021;-0,04955;-0,020343
21/12/2021;0,014218;0,004572
22/12/2021;-0,040498;-0,002428
23/12/2021;0,006494;-0,003348
24/12/2021;0;0
27/12/2021;0,093548;0,006322
28/12/2021;0,007375;-0,006539
29/12/2021;-0,010249;-0,007218
30/12/2021;0,068047;0,00687
31/12/2021;0;0
